{"base_lr": 0.00019623423423423421, "lr": 6.13231981981982e-05, "data_time": 0.8024763965606689, "loss": 2.195399146080017, "loss_cls": 0.9334823203086853, "loss_bbox": 1.2619168305397033, "time": 1.8348274993896485, "epoch": 1, "iter": 50, "memory": 20165, "step": 50}
{"base_lr": 0.0003964324324324318, "lr": 0.00012388513513513505, "data_time": 0.6505179023742675, "loss": 2.032262136936188, "loss_cls": 0.9787415480613708, "loss_bbox": 1.0535205686092377, "time": 1.6392363023757934, "epoch": 1, "iter": 100, "memory": 19967, "step": 100}
{"base_lr": 0.0005966306306306299, "lr": 0.00018644707207207204, "data_time": 0.6033889150619507, "loss": 1.8767642951011658, "loss_cls": 0.98580317735672, "loss_bbox": 0.8909611237049103, "time": 1.6368341970443725, "epoch": 1, "iter": 150, "memory": 20157, "step": 150}
{"base_lr": 0.000796828828828828, "lr": 0.00024900900900900894, "data_time": 0.6189249563217163, "loss": 1.7758775115013123, "loss_cls": 0.9951875722408294, "loss_bbox": 0.7806899476051331, "time": 1.6180805158615112, "epoch": 1, "iter": 200, "memory": 19755, "step": 200}
{"base_lr": 0.000997027027027025, "lr": 0.0003115709459459457, "data_time": 0.569547381401062, "loss": 1.7260049080848694, "loss_cls": 0.9939839446544647, "loss_bbox": 0.7320209622383118, "time": 1.5892720079421998, "epoch": 1, "iter": 250, "memory": 19612, "step": 250}
{"base_lr": 0.0011972252252252223, "lr": 0.00037413288288288247, "data_time": 0.6297232246398926, "loss": 1.6628081440925597, "loss_cls": 0.9637822329998016, "loss_bbox": 0.6990259122848511, "time": 1.647382836341858, "epoch": 1, "iter": 300, "memory": 20752, "step": 300}
{"base_lr": 0.0013974234234234197, "lr": 0.0004366948198198192, "data_time": 0.593892650604248, "loss": 1.638928599357605, "loss_cls": 0.9586062705516816, "loss_bbox": 0.6803223335742951, "time": 1.6090813302993774, "epoch": 1, "iter": 350, "memory": 20008, "step": 350}
{"base_lr": 0.0015976216216216166, "lr": 0.0004992567567567562, "data_time": 0.6001902675628662, "loss": 1.5894190979003906, "loss_cls": 0.9265668201446533, "loss_bbox": 0.662852281332016, "time": 1.6136455678939818, "epoch": 1, "iter": 400, "memory": 19653, "step": 400}
{"base_lr": 0.001797819819819813, "lr": 0.0005618186936936933, "data_time": 0.6379780149459839, "loss": 1.5683957791328431, "loss_cls": 0.925352703332901, "loss_bbox": 0.6430430746078492, "time": 1.6580584573745727, "epoch": 1, "iter": 450, "memory": 19903, "step": 450}
{"base_lr": 0.0019980180180180097, "lr": 0.0006243806306306304, "data_time": 0.6097599124908447, "loss": 1.5457679867744445, "loss_cls": 0.9094745254516602, "loss_bbox": 0.63629345536232, "time": 1.6364280557632447, "epoch": 1, "iter": 500, "memory": 19734, "step": 500}
{"base_lr": 0.002198216216216207, "lr": 0.0006869425675675674, "data_time": 0.6191199159622193, "loss": 1.5150546646118164, "loss_cls": 0.8926059293746949, "loss_bbox": 0.6224487257003785, "time": 1.6546977424621583, "epoch": 1, "iter": 550, "memory": 20083, "step": 550}
{"base_lr": 0.002398414414414404, "lr": 0.0007495045045045048, "data_time": 0.6162325477600098, "loss": 1.488343505859375, "loss_cls": 0.8747036695480347, "loss_bbox": 0.6136398243904114, "time": 1.637710814476013, "epoch": 1, "iter": 600, "memory": 19784, "step": 600}
