{"base_lr": 0.00019623423423423421, "lr": 4.9058558558558554e-05, "data_time": 0.615830717086792, "loss": 2.195678324699402, "loss_cls": 0.9290928959846496, "loss_bbox": 1.2665854287147522, "time": 1.428322329521179, "epoch": 1, "iter": 50, "memory": 16046, "step": 50}
{"base_lr": 0.0003964324324324318, "lr": 9.910810810810796e-05, "data_time": 0.49250130653381347, "loss": 2.063872745037079, "loss_cls": 0.9609634065628052, "loss_bbox": 1.1029093384742736, "time": 1.2974403476715088, "epoch": 1, "iter": 100, "memory": 16011, "step": 100}
