config_file,weights_file,model_size (MB),mAP,AP50,AP75,APs,APm,APl,Time_1_mean,Time_1_std,Time_1_min,Time_1_median,Time_1_max,Time_16_mean,Time_16_std,Time_16_min,Time_16_median,Time_16_max,Time_32_mean,Time_32_std,Time_32_min,Time_32_median,Time_32_max
data/mmdetection/configs/cascade_rpn/cascade-rpn_faster-rcnn_r50-caffe_fpn_1x_coco.py,data/mmdetection_weights/cascade-rpn_faster-rcnn_r50-caffe_fpn_1x_coco.pth,161.72245025634766,0.404,0.59,0.439,0.229,0.434,0.53,0.02940064424793236,0.002038233382023868,0.016645650030113757,0.028880251513328403,0.05732261296361685,0.397863516948956,0.0065211449459092845,0.3789268699474633,0.39965311746345833,0.41603962902445346,0.8225593138530922,0.007847690120530439,0.80930634890683,0.8214312519994564,0.9009099409449846
