config_file,weights_file,model_size (MB),mAP,AP50,AP75,APs,APm,APl,Time_1_mean,Time_1_std,Time_1_min,Time_1_median,Time_1_max,Time_16_mean,Time_16_std,Time_16_min,Time_16_median,Time_16_max,Time_32_mean,Time_32_std,Time_32_min,Time_32_median,Time_32_max
data/mmdetection/configs/cascade_rcnn/cascade-mask-rcnn_x101-64x4d_fpn_ms-3x_coco.py,data/mmdetection_weights/cascade-mask-rcnn_x101-64x4d_fpn_ms-3x_coco.pth,516.6089630126953,0.466,0.651,0.506,0.293,0.505,0.601,0.031544220740627495,0.0022153929778786284,0.0286007858812809,0.030970835126936436,0.05016648513264954,0.5189362612697713,0.010150667417221853,0.5047882981598377,0.5158449182054028,0.5799627329688519,1.078059657342517,0.00727054231412749,1.0585896191187203,1.0781757746590301,1.1009273380041122
