config_file,weights_file,model_size (MB),mAP,AP50,AP75,APs,APm,APl,Time_1_mean,Time_1_std,Time_1_min,Time_1_median,Time_1_max,Time_16_mean,Time_16_std,Time_16_min,Time_16_median,Time_16_max,Time_32_mean,Time_32_std,Time_32_min,Time_32_median,Time_32_max
data/mmdetection/configs/cascade_rcnn/cascade-mask-rcnn_r101_fpn_ms-3x_coco.py,data/mmdetection_weights/cascade-mask-rcnn_r101_fpn_ms-3x_coco.pth,367.8218536376953,0.455,0.637,0.499,0.276,0.492,0.591,0.031378246949613095,0.0012196866074514836,0.029643028043210506,0.031221868935972452,0.04973222012631595,0.40664911119398683,0.009235220265652955,0.39141646306961775,0.405544884968549,0.432563500944525,0.817236257206577,0.015407863958516328,0.7906571219209582,0.8158147140638903,0.8660929400939494
