config_file,weights_file,model_size (MB),mAP,AP50,AP75,APs,APm,APl,Time_1_mean,Time_1_std,Time_1_min,Time_1_median,Time_1_max,Time_16_mean,Time_16_std,Time_16_min,Time_16_median,Time_16_max,Time_32_mean,Time_32_std,Time_32_min,Time_32_median,Time_32_max
data/mmdetection/configs/cascade_rcnn/cascade-mask-rcnn_r50_fpn_1x_coco.py,data/mmdetection_weights/cascade-mask-rcnn_r50_fpn_1x_coco.pth,295.1730270385742,0.412,0.594,0.449,0.239,0.442,0.543,0.02652511287617963,0.0012003006818924508,0.02478539606090635,0.026200718479231,0.03862804302480072,0.37024273442250727,0.009682360721747626,0.34864639106672257,0.3668016705196351,0.40546721511054784,0.7019493656870253,0.020737211187796135,0.6775357549777254,0.6966944549931213,0.8540823090588674
