config_file,weights_file,model_size (MB),mAP,AP50,AP75,APs,APm,APl,Time_1_mean,Time_1_std,Time_1_min,Time_1_median,Time_1_max,Time_16_mean,Time_16_std,Time_16_min,Time_16_median,Time_16_max,Time_32_mean,Time_32_std,Time_32_min,Time_32_median,Time_32_max
data/mmdetection/configs/centernet/centernet-update_r50-caffe_fpn_ms-1x_coco.py,data/mmdetection_weights/centernet-update_r50-caffe_fpn_ms-1x_coco.pth,123.39114761352539,0.402,0.583,0.438,0.234,0.448,0.516,0.011205333429016173,0.001022438845339381,0.010310756973922253,0.011020867386832833,0.024047351209446788,0.11759072029440759,0.003223636276250309,0.11332525708712637,0.1169619569554925,0.13135118200443685,0.2466682957407708,0.006258277032837685,0.23761534015648067,0.24588986788876355,0.26982908602803946
