config_file,weights_file,model_size (MB),mAP,AP50,AP75,APs,APm,APl,Time_1_mean,Time_1_std,Time_1_min,Time_1_median,Time_1_max,Time_16_mean,Time_16_std,Time_16_min,Time_16_median,Time_16_max,Time_32_mean,Time_32_std,Time_32_min,Time_32_median,Time_32_max
data/mmdetection/configs/faster_rcnn/faster-rcnn_x101-64x4d_fpn_ms-3x_coco.py,data/mmdetection_weights/faster-rcnn_x101-64x4d_fpn_ms-3x_coco.pth,380.91426849365234,0.431,0.636,0.473,0.265,0.469,0.561,0.015498728475300596,0.00029808403540007073,0.014810862019658089,0.015506207593716681,0.022256012074649334,0.27257693626914914,0.0008602570334710941,0.2703750808723271,0.27253188099712133,0.2789073931053281,0.5701736332699417,0.0054341554162401435,0.5661751781590283,0.5692827401217073,0.6161591580603272
