config_file,weights_file,model_size (MB),mAP,AP50,AP75,APs,APm,APl,Time_1_mean,Time_1_std,Time_1_min,Time_1_median,Time_1_max,Time_16_mean,Time_16_std,Time_16_min,Time_16_median,Time_16_max,Time_32_mean,Time_32_std,Time_32_min,Time_32_median,Time_32_max
data/mmdetection/configs/swin/mask-rcnn_swin-t-p4-w7_fpn_1x_coco.py,data/mmdetection_weights/mask-rcnn_swin-t-p4-w7_fpn_1x_coco.pth,182.54177856445312,0.427,0.652,0.468,0.265,0.458,0.566,0.01304154744404368,0.0008386199947627488,0.012114007957279682,0.012557265465147793,0.025912228040397167,0.185275884407859,0.0023064460693725383,0.18070987006649375,0.1848474401049316,0.19536507315933704,0.39660329578999576,0.004733896709655859,0.38652953202836215,0.39614669408183545,0.41498049395158887
