config_file,weights_file,model_size (MB),mAP,AP50,AP75,APs,APm,APl,Time_1_mean,Time_1_std,Time_1_min,Time_1_median,Time_1_max,Time_16_mean,Time_16_std,Time_16_min,Time_16_median,Time_16_max,Time_32_mean,Time_32_std,Time_32_min,Time_32_median,Time_32_max
data/mmdetection/configs/swin/mask-rcnn_swin-t-p4-w7_fpn_ms-crop-3x_coco.py,data/mmdetection_weights/mask-rcnn_swin-t-p4-w7_fpn_ms-crop-3x_coco.pth,182.54177856445312,0.46,0.682,0.503,0.305,0.492,0.595,0.0129636528395582,0.000748673529703503,0.01211024890653789,0.012550830491818488,0.027616389095783234,0.18602765137508798,0.0015369803376307557,0.18158635287545621,0.1859889980405569,0.19568197312764823,0.3841368978610262,0.011405633641466776,0.3686630439478904,0.38251457491423935,0.5058936891146004
