config_file,weights_file,model_size (MB),mAP,AP50,AP75,APs,APm,APl,Time_1_mean,Time_1_std,Time_1_min,Time_1_median,Time_1_max,Time_16_mean,Time_16_std,Time_16_min,Time_16_median,Time_16_max,Time_32_mean,Time_32_std,Time_32_min,Time_32_median,Time_32_max
data/mmdetection/configs/efficientnet/retinanet_effb3_fpn_8xb4-crop896-1x_coco.py,data/mmdetection_weights/retinanet_effb3_fpn_8xb4-crop896-1x_coco.pth,76.61922454833984,0.404,0.604,0.43,0.22,0.447,0.565,0.016528999131033197,0.0014321267845420896,0.015450716018676758,0.016172471980098635,0.0321038729744032,0.17826717823612478,0.0017745329713014862,0.1752117139985785,0.17783534299815074,0.18820248800329864,0.366068513743066,0.006799313229031404,0.360234405961819,0.3638989084865898,0.4143029779661447
