config_file,weights_file,model_size (MB),mAP,AP50,AP75,APs,APm,APl,Time_1_mean,Time_1_std,Time_1_min,Time_1_median,Time_1_max,Time_16_mean,Time_16_std,Time_16_min,Time_16_median,Time_16_max,Time_32_mean,Time_32_std,Time_32_min,Time_32_median,Time_32_max
data/mmdetection/configs/rtmdet/rtmdet_x_8xb32-300e_coco.py,data/mmdetection_weights/rtmdet_x_8xb32-300e_coco.pth,362.2982864379883,0.528,0.704,0.577,0.361,0.574,0.692,0.040696048470167445,0.0009330659482589979,0.04030792415142059,0.04063270858023316,0.06785545800812542,0.6281190000075955,0.0015575028392896407,0.624483342980966,0.6280027920147404,0.6328806749079376,1.2690055197245107,0.0032969519016704434,1.2624574590008706,1.2684203133685514,1.2850348469801247
