config_file,weights_file,model_size (MB),mAP,AP50,AP75,APs,APm,APl,Time_1_mean,Time_1_std,Time_1_min,Time_1_median,Time_1_max,Time_16_mean,Time_16_std,Time_16_min,Time_16_median,Time_16_max,Time_32_mean,Time_32_std,Time_32_min,Time_32_median,Time_32_max
data/mmdetection/configs/rtmdet/rtmdet-ins_tiny_8xb32-300e_coco.py,data/mmdetection_weights/rtmdet-ins_tiny_8xb32-300e_coco.pth,21.579471588134766,0.405,0.576,0.44,0.206,0.447,0.578,0.008650688683683985,0.0010809508992558716,0.00765573198441416,0.008397993049584329,0.01957721298094839,0.0734420949817062,0.0026019143225073068,0.07025301898829639,0.07250365347135812,0.08450352202635258,0.15316453437359692,0.001792160548401426,0.15105920005589724,0.15277673199307173,0.1629936380777508
