config_file,weights_file,model_size (MB),mAP,AP50,AP75,APs,APm,APl,Time_1_mean,Time_1_std,Time_1_min,Time_1_median,Time_1_max,Time_16_mean,Time_16_std,Time_16_min,Time_16_median,Time_16_max,Time_32_mean,Time_32_std,Time_32_min,Time_32_median,Time_32_max
config/rtmdet.py,/home/wilah/workspace/segdet_mlcr2024/logs/rtmdet/cluster_train_result/best_coco_bbox_mAP_50_epoch_299.pth,33.996543884277344,0.444,0.616,0.481,0.239,0.491,0.634,0.012475074252206833,0.0020423275546398115,0.010626755887642503,0.011735525447875261,0.02526371693238616,0.053313646449122384,0.0030604563424225283,0.0484714328777045,0.05229572404641658,0.08314126101322472,0.1061206602727254,0.0036326691548146184,0.10060694394633174,0.1054606739198789,0.11807574494741857
