config_file,weights_file,model_size (MB),mAP,AP50,AP75,APs,APm,APl,Time_1_mean,Time_1_std,Time_1_min,Time_1_median,Time_1_max,Time_16_mean,Time_16_std,Time_16_min,Time_16_median,Time_16_max,Time_32_mean,Time_32_std,Time_32_min,Time_32_median,Time_32_max
data/mmdetection/configs/rtmdet/rtmdet-ins_m_8xb32-300e_coco.py,data/mmdetection_weights/rtmdet-ins_m_8xb32-300e_coco.pth,105.38277053833008,0.488,0.667,0.535,0.299,0.54,0.651,0.010242397545650601,0.0003799522467167266,0.009561754995957017,0.010229465435259044,0.023349489085376263,0.11926478610630745,0.0007875764453155569,0.11740145599469543,0.11921798100229353,0.12456670217216015,0.24368590706487736,0.0022497652617742146,0.24047967186197639,0.24345957254990935,0.256558635039255
