config_file,weights_file,model_size (MB),mAP,AP50,AP75,APs,APm,APl,Time_1_mean,Time_1_std,Time_1_min,Time_1_median,Time_1_max,Time_16_mean,Time_16_std,Time_16_min,Time_16_median,Time_16_max,Time_32_mean,Time_32_std,Time_32_min,Time_32_median,Time_32_max
data/mmdetection/configs/yolox/yolox_tiny_8xb8-300e_coco.py,data/mmdetection_weights/yolox_tiny_8xb8-300e_coco.pth,19.353221893310547,0.318,0.491,0.338,0.124,0.349,0.473,0.006301969364564865,0.0003580838753827926,0.0061407918110489845,0.006286106421612203,0.014130085008218884,0.054098234412660345,0.0007389898964879834,0.05378870898857713,0.05402684642467648,0.06350210192613304,0.11334657318328913,0.0021832042501369314,0.1119883581995964,0.11288324545603245,0.12534642918035388
