config_file,weights_file,model_size (MB),mAP,AP50,AP75,APs,APm,APl,Time_1_mean,Time_1_std,Time_1_min,Time_1_median,Time_1_max,Time_16_mean,Time_16_std,Time_16_min,Time_16_median,Time_16_max,Time_32_mean,Time_32_std,Time_32_min,Time_32_median,Time_32_max
data/mmdetection/configs/yolo/yolov3_d53_8xb8-320-273e_coco.py,data/mmdetection_weights/yolov3_d53_8xb8-320-273e_coco.pth,236.51851654052734,0.279,0.491,0.283,0.105,0.301,0.438,0.0065231593470089135,0.00036698556686130275,0.0064338690135627985,0.006484798504970968,0.012809640960767865,0.09836981133841431,0.0005703516288106878,0.0981182309333235,0.09831183846108615,0.1042660039383918,0.20017648772306693,0.00015037598632156997,0.19991189008578658,0.20016430888790637,0.20113953482359648
