config_file,weights_file,model_size (MB),mAP,AP50,AP75,APs,APm,APl,Time_1_mean,Time_1_std,Time_1_min,Time_1_median,Time_1_max,Time_16_mean,Time_16_std,Time_16_min,Time_16_median,Time_16_max,Time_32_mean,Time_32_std,Time_32_min,Time_32_median,Time_32_max
data/mmdetection/configs/yolox/yolox_s_8xb8-300e_coco.py,data/mmdetection_weights/yolox_s_8xb8-300e_coco.pth,34.29987716674805,0.403,0.591,0.434,0.235,0.445,0.531,0.006514950611023232,0.00013004409395158032,0.006364955101162195,0.006495736539363861,0.014407681999728084,0.060742366091849714,0.00030969683300002116,0.06030756398104131,0.06064079259522259,0.0631349990144372,0.12670925355558163,0.0003865844875775097,0.1260624099522829,0.12660799291916192,0.1290346330497414
