config_file,weights_file,model_size (MB),mAP,AP50,AP75,APs,APm,APl,Time_1_mean,Time_1_std,Time_1_min,Time_1_median,Time_1_max,Time_16_mean,Time_16_std,Time_16_min,Time_16_median,Time_16_max,Time_32_mean,Time_32_std,Time_32_min,Time_32_median,Time_32_max
data/mmdetection/configs/yolox/yolox_l_8xb8-300e_coco.py,data/mmdetection_weights/yolox_l_8xb8-300e_coco.pth,207.05561447143555,0.491,0.673,0.532,0.319,0.54,0.64,0.009314303793688306,0.0006059748291512777,0.009129422018304467,0.009167560550849885,0.019686492043547332,0.1290611710857588,0.003771311706337386,0.1256648669950664,0.12687624501995742,0.14149031997658312,0.26542510559710747,0.002333704044995882,0.2643534670351073,0.26493805600330234,0.28294647007714957
