config_file,weights_file,model_size (MB),mAP,AP50,AP75,APs,APm,APl,Time_1_mean,Time_1_std,Time_1_min,Time_1_median,Time_1_max,Time_16_mean,Time_16_std,Time_16_min,Time_16_median,Time_16_max,Time_32_mean,Time_32_std,Time_32_min,Time_32_median,Time_32_max
data/mmdetection/configs/yolo/yolov3_mobilenetv2_8xb24-320-300e_coco.py,data/mmdetection_weights/yolov3_mobilenetv2_8xb24-320-300e_coco.pth,14.407909393310547,0.222,0.419,0.214,0.06,0.236,0.357,0.00479297564746812,0.00041782573383475715,0.004555850988253951,0.004727726569399238,0.011936408001929522,0.052031235779092334,0.0017616281417919292,0.05087495606858283,0.05113371601328254,0.05953146098181605,0.11096212932263883,0.003612663191836166,0.10809970099944621,0.10878607199992985,0.12374639499466866
