config_file,weights_file,model_size (MB),mAP,AP50,AP75,APs,APm,APl,Time_1_mean,Time_1_std,Time_1_min,Time_1_median,Time_1_max,Time_16_mean,Time_16_std,Time_16_min,Time_16_median,Time_16_max,Time_32_mean,Time_32_std,Time_32_min,Time_32_median,Time_32_max
data/mmdetection/configs/yolox/yolox_x_8xb8-300e_coco.py,data/mmdetection_weights/yolox_x_8xb8-300e_coco.pth,378.3138542175293,0.506,0.684,0.55,0.32,0.556,0.667,0.01309102423482109,0.0009905230390251688,0.012692127958871424,0.012778697011526674,0.02485519996844232,0.19154312108226945,0.005546155425291837,0.18742232001386583,0.18933533248491585,0.2232191930525005,0.4055725056879545,0.00877072575081246,0.3971055659931153,0.40247754246229306,0.43981325905770063
