config_file,weights_file,model_size (MB),mAP,AP50,AP75,APs,APm,APl,Time_1_mean,Time_1_std,Time_1_min,Time_1_median,Time_1_max,Time_16_mean,Time_16_std,Time_16_min,Time_16_median,Time_16_max,Time_32_mean,Time_32_std,Time_32_min,Time_32_median,Time_32_max
data/mmdetection/configs/yolof/yolof_r50-c5_8xb8-1x_coco.py,data/mmdetection_weights/yolof_r50-c5_8xb8-1x_coco.pth,168.71484756469727,0.375,0.57,0.404,0.19,0.42,0.532,0.007233097646152601,0.00046137824658254445,0.006820394890382886,0.007194513571448624,0.015371233923360705,0.07707031239391281,0.000648780303695556,0.07662415993399918,0.07697468239348382,0.0834113978780806,0.15709387252363974,0.0021719163542406736,0.15608476591296494,0.15664726751856506,0.16950441990047693
