{"base_lr": 0.00019623423423423421, "lr": 6.13231981981982e-05, "data_time": 0.9065852594375611, "loss": 2.2020456552505494, "loss_cls": 0.9013626277446747, "loss_bbox": 1.3006830167770387, "time": 1.8192686319351197, "epoch": 1, "iter": 50, "memory": 15309, "step": 50}
