{"base_lr": 0.00019623423423423421, "lr": 6.13231981981982e-05, "data_time": 0.835517578125, "loss": 2.1905652141571044, "loss_cls": 0.9291235947608948, "loss_bbox": 1.261441617012024, "time": 1.9419868993759155, "epoch": 1, "iter": 50, "memory": 20061, "step": 50}
